STATE,STATE CODE,COUNTY,LOCALITY,LOCALITY ID,latitude,longitude,week,SCIENTIFIC NAME,COMMON NAME,n_checklists,n_detections,freq_raw,freq_shrunk,years_surveyed,years_present,occupancy,detect_given_present,p_lifer_1,trusted
New York,US-NY,New York,Central Park,L191106,40.78,-73.97,1,Cardinalis cardinalis,Northern Cardinal,63,36,0.5714285714285714,0.5716672235215503,5,5,1.0,0.5714285714285714,0.5714285714285714,True
New York,US-NY,New York,Central Park,L191106,40.78,-73.97,1,Ixoreus naevius,Varied Thrush,63,7,0.1111111111111111,0.10758436351486803,5,1,0.2,0.5833333333333334,0.11666666666666668,True
New York,US-NY,New York,Central Park,L191106,40.78,-73.97,1,Melospiza melodia,Song Sparrow,63,29,0.4603174603174603,0.4640828600066822,5,5,1.0,0.4603174603174603,0.4603174603174603,True
New York,US-NY,New York,Central Park,L191106,40.78,-73.97,1,Turdus migratorius,American Robin,63,14,0.2222222222222222,0.22352155028399598,5,5,1.0,0.2222222222222222,0.2222222222222222,True
New York,US-NY,New York,Central Park,L191106,40.78,-73.97,2,Cardinalis cardinalis,Northern Cardinal,54,31,0.5740740740740741,0.5714285714285714,5,5,1.0,0.5740740740740741,0.5740740740740741,True
New York,US-NY,New York,Central Park,L191106,40.78,-73.97,2,Ixoreus naevius,Varied Thrush,54,3,0.05555555555555555,0.053571428571428575,5,1,0.2,0.2727272727272727,0.05454545454545454,True
New York,US-NY,New York,Central Park,L191106,40.78,-73.97,2,Melospiza melodia,Song Sparrow,54,26,0.48148148148148145,0.4754464285714286,5,5,1.0,0.48148148148148145,0.48148148148148145,True
New York,US-NY,New York,Central Park,L191106,40.78,-73.97,2,Turdus migratorius,American Robin,54,14,0.25925925925925924,0.25669642857142855,5,5,1.0,0.25925925925925924,0.25925925925925924,True
New York,US-NY,New York,Central Park,L191106,40.78,-73.97,3,Cardinalis cardinalis,Northern Cardinal,81,29,0.35802469135802467,0.36043956043956044,5,5,1.0,0.35802469135802467,0.35802469135802467,True
New York,US-NY,New York,Central Park,L191106,40.78,-73.97,3,Ixoreus naevius,Varied Thrush,81,9,0.1111111111111111,0.1087912087912088,5,1,0.2,0.375,0.07500000000000001,True
New York,US-NY,New York,Central Park,L191106,40.78,-73.97,3,Melospiza melodia,Song Sparrow,81,36,0.4444444444444444,0.44505494505494503,5,5,1.0,0.4444444444444444,0.4444444444444444,True
New York,US-NY,New York,Central Park,L191106,40.78,-73.97,3,Turdus migratorius,American Robin,81,18,0.2222222222222222,0.22417582417582416,5,5,1.0,0.2222222222222222,0.2222222222222222,True
New York,US-NY,New York,Central Park,L191106,40.78,-73.97,4,Cardinalis cardinalis,Northern Cardinal,77,35,0.45454545454545453,0.4548789435069699,5,5,1.0,0.45454545454545453,0.45454545454545453,True
New York,US-NY,New York,Central Park,L191106,40.78,-73.97,4,Ixoreus naevius,Varied Thrush,77,3,0.03896103896103896,0.03815113719735876,5,1,0.2,0.1875,0.037500000000000006,True
New York,US-NY,New York,Central Park,L191106,40.78,-73.97,4,Melospiza melodia,Song Sparrow,77,36,0.4675324675324675,0.46881878209831257,5,5,1.0,0.4675324675324675,0.4675324675324675,True
New York,US-NY,New York,Central Park,L191106,40.78,-73.97,4,Turdus migratorius,American Robin,77,13,0.16883116883116883,0.16898997309855712,5,5,1.0,0.16883116883116883,0.16883116883116883,True
New York,US-NY,New York,Central Park,L191106,40.78,-73.97,5,Cardinalis cardinalis,Northern Cardinal,40,20,0.5,0.52,3,3,1.0,0.5135135135135135,0.5135135135135135,True
New York,US-NY,New York,Central Park,L191106,40.78,-73.97,5,Melospiza melodia,Song Sparrow,40,20,0.5,0.48727272727272725,3,3,1.0,0.4864864864864865,0.4864864864864865,True
New York,US-NY,New York,Central Park,L191106,40.78,-73.97,5,Turdus migratorius,American Robin,40,7,0.175,0.1690909090909091,3,2,0.6666666666666666,0.22580645161290322,0.15053763440860213,True
New York,US-NY,New York,Central Park,L191106,40.78,-73.97,6,Cardinalis cardinalis,Northern Cardinal,56,37,0.6607142857142857,0.6577311577311578,5,5,1.0,0.6607142857142857,0.6607142857142857,True
New York,US-NY,New York,Central Park,L191106,40.78,-73.97,6,Ixoreus naevius,Varied Thrush,56,4,0.07142857142857142,0.06837606837606837,5,1,0.2,0.3333333333333333,0.06666666666666667,True
New York,US-NY,New York,Central Park,L191106,40.78,-73.97,6,Melospiza melodia,Song Sparrow,56,29,0.5178571428571429,0.519036519036519,5,5,1.0,0.5178571428571429,0.5178571428571429,True
New York,US-NY,New York,Central Park,L191106,40.78,-73.97,6,Turdus migratorius,American Robin,56,10,0.17857142857142858,0.1864801864801865,5,4,0.8,0.2127659574468085,0.17021276595744683,True
New York,US-NY,New York,Central Park,L191106,40.78,-73.97,7,Cardinalis cardinalis,Northern Cardinal,66,43,0.6515151515151515,0.6502599090318388,5,5,1.0,0.6515151515151515,0.6515151515151515,True
New York,US-NY,New York,Central Park,L191106,40.78,-73.97,7,Ixoreus naevius,Varied Thrush,66,2,0.030303030303030304,0.029564652371669917,5,1,0.2,0.14285714285714285,0.02857142857142857,True
New York,US-NY,New York,Central Park,L191106,40.78,-73.97,7,Melospiza melodia,Song Sparrow,66,26,0.3939393939393939,0.39896036387264455,5,4,0.8,0.43333333333333335,0.3466666666666667,True
New York,US-NY,New York,Central Park,L191106,40.78,-73.97,7,Turdus migratorius,American Robin,66,10,0.15151515151515152,0.154320987654321,5,4,0.8,0.16666666666666666,0.13333333333333333,True
New York,US-NY,New York,Central Park,L191106,40.78,-73.97,8,Cardinalis cardinalis,Northern Cardinal,76,46,0.6052631578947368,0.6046511627906976,5,5,1.0,0.6052631578947368,0.6052631578947368,True
New York,US-NY,New York,Central Park,L191106,40.78,-73.97,8,Ixoreus naevius,Varied Thrush,76,7,0.09210526315789473,0.08953488372093023,5,1,0.2,0.3888888888888889,0.07777777777777778,True
New York,US-NY,New York,Central Park,L191106,40.78,-73.97,8,Melospiza melodia,Song Sparrow,76,31,0.40789473684210525,0.41395348837209306,5,5,1.0,0.40789473684210525,0.40789473684210525,True
New York,US-NY,New York,Central Park,L191106,40.78,-73.97,8,Turdus migratorius,American Robin,76,16,0.21052631578947367,0.20930232558139536,5,5,1.0,0.21052631578947367,0.21052631578947367,True
New York,US-NY,New York,Central Park,L191106,40.78,-73.97,9,Cardinalis cardinalis,Northern Cardinal,49,32,0.6530612244897959,0.6450950179763739,4,4,1.0,0.6666666666666666,0.6666666666666666,True
New York,US-NY,New York,Central Park,L191106,40.78,-73.97,9,Melospiza melodia,Song Sparrow,49,20,0.40816326530612246,0.4108885464817668,4,4,1.0,0.4166666666666667,0.4166666666666667,True
New York,US-NY,New York,Central Park,L191106,40.78,-73.97,9,Turdus migratorius,American Robin,49,23,0.46938775510204084,0.4591679506933744,4,4,1.0,0.4791666666666667,0.4791666666666667,True
New York,US-NY,New York,Central Park,L191106,40.78,-73.97,10,Cardinalis cardinalis,Northern Cardinal,50,29,0.58,0.5904761904761905,5,5,1.0,0.58,0.58,True
New York,US-NY,New York,Central Park,L191106,40.78,-73.97,10,Melospiza melodia,Song Sparrow,50,23,0.46,0.4571428571428572,5,5,1.0,0.46,0.46,True
New York,US-NY,New York,Central Park,L191106,40.78,-73.97,10,Turdus migratorius,American Robin,50,15,0.3,0.30714285714285716,5,4,0.8,0.3333333333333333,0.26666666666666666,True
New York,US-NY,New York,Central Park,L191106,40.78,-73.97,11,Cardinalis cardinalis,Northern Cardinal,82,46,0.5609756097560976,0.5612072604474462,5,5,1.0,0.5609756097560976,0.5609756097560976,True
New York,US-NY,New York,Central Park,L191106,40.78,-73.97,11,Melospiza melodia,Song Sparrow,82,32,0.3902439024390244,0.3932038834951456,5,5,1.0,0.3902439024390244,0.3902439024390244,True
New York,US-NY,New York,Central Park,L191106,40.78,-73.97,11,Turdus migratorius,American Robin,82,35,0.4268292682926829,0.42370198395947656,5,5,1.0,0.4268292682926829,0.4268292682926829,True
New York,US-NY,New York,Central Park,L191106,40.78,-73.97,12,Cardinalis cardinalis,Northern Cardinal,60,33,0.55,0.5512059369202226,5,5,1.0,0.55,0.55,True
New York,US-NY,New York,Central Park,L191106,40.78,-73.97,12,Melospiza melodia,Song Sparrow,60,20,0.3333333333333333,0.33766233766233766,5,5,1.0,0.3333333333333333,0.3333333333333333,True
New York,US-NY,New York,Central Park,L191106,40.78,-73.97,12,Turdus migratorius,American Robin,60,21,0.35,0.35194805194805195,5,5,1.0,0.35,0.35,True
New York,US-NY,New York,Central Park,L191106,40.78,-73.97,13,Cardinalis cardinalis,Northern Cardinal,86,47,0.5465116279069767,0.5453493265993267,5,5,1.0,0.5465116279069767,0.5465116279069767,True
New York,US-NY,New York,Central Park,L191106,40.78,-73.97,13,Melospiza melodia,Song Sparrow,86,43,0.5,0.49631734006734,5,5,1.0,0.5,0.5,True
New York,US-NY,New York,Central Park,L191106,40.78,-73.97,13,Turdus migratorius,American Robin,86,29,0.3372093023255814,0.3368055555555556,5,5,1.0,0.3372093023255814,0.3372093023255814,True
New York,US-NY,New York,Central Park,L191106,40.78,-73.97,14,Cardinalis cardinalis,Northern Cardinal,81,50,0.6172839506172839,0.6164835164835165,5,5,1.0,0.6172839506172839,0.6172839506172839,True
New York,US-NY,New York,Central Park,L191106,40.78,-73.97,14,Melospiza melodia,Song Sparrow,81,44,0.5432098765432098,0.5395604395604395,5,5,1.0,0.5432098765432098,0.5432098765432098,True
New York,US-NY,New York,Central Park,L191106,40.78,-73.97,14,Turdus migratorius,American Robin,81,31,0.38271604938271603,0.3824175824175824,5,5,1.0,0.38271604938271603,0.38271604938271603,True
New York,US-NY,New York,Central Park,L191106,40.78,-73.97,15,Cardinalis cardinalis,Northern Cardinal,52,33,0.6346153846153846,0.6339950372208436,4,4,1.0,0.6274509803921569,0.6274509803921569,True
New York,US-NY,New York,Central Park,L191106,40.78,-73.97,15,Melospiza melodia,Song Sparrow,52,26,0.5,0.5062034739454094,4,4,1.0,0.49019607843137253,0.49019607843137253,True
New York,US-NY,New York,Central Park,L191106,40.78,-73.97,15,Turdus migratorius,American Robin,52,26,0.5,0.49379652605459057,4,4,1.0,0.5098039215686274,0.5098039215686274,True
New York,US-NY,New York,Central Park,L191106,40.78,-73.97,16,Cardinalis cardinalis,Northern Cardinal,67,31,0.4626865671641791,0.4650665789906296,5,5,1.0,0.4626865671641791,0.4626865671641791,True
New York,US-NY,New York,Central Park,L191106,40.78,-73.97,16,Melospiza melodia,Song Sparrow,67,29,0.43283582089552236,0.4325168502383692,5,5,1.0,0.43283582089552236,0.43283582089552236,True
New York,US-NY,New York,Central Park,L191106,40.78,-73.97,16,Setophaga fusca,Blackburnian Warbler,67,3,0.04477611940298507,0.04389281604471478,5,2,0.4,0.12,0.048,True
New York,US-NY,New York,Central Park,L191106,40.78,-73.97,16,Setophaga magnolia,Magnolia Warbler,67,4,0.05970149253731343,0.058523754726286376,5,3,0.6,0.09523809523809523,0.057142857142857134,True
New York,US-NY,New York,Central Park,L191106,40.78,-73.97,16,Setophaga ruticilla,American Redstart,67,13,0.19402985074626866,0.1934900542495479,5,4,0.8,0.20967741935483872,0.16774193548387098,True
New York,US-NY,New York,Central Park,L191106,40.78,-73.97,16,Turdus migratorius,American Robin,67,24,0.3582089552238806,0.3577182311359527,5,4,0.8,0.3870967741935484,0.3096774193548387,True
New York,US-NY,New York,Central Park,L191106,40.78,-73.97,17,Cardinalis cardinalis,Northern Cardinal,59,29,0.4915254237288136,0.49847444698703275,5,5,1.0,0.4915254237288136,0.4915254237288136,True
New York,US-NY,New York,Central Park,L191106,40.78,-73.97,17,Melospiza melodia,Song Sparrow,59,32,0.5423728813559322,0.543859649122807,5,5,1.0,0.5423728813559322,0.5423728813559322,True
New York,US-NY,New York,Central Park,L191106,40.78,-73.97,17,Passerina ciris,Painted Bunting,59,1,0.01694915254237288,0.016399694889397406,5,1,0.2,0.1,0.020000000000000004,True
New York,US-NY,New York,Central Park,L191106,40.78,-73.97,17,Setophaga fusca,Blackburnian Warbler,59,4,0.06779661016949153,0.06750572082379863,5,3,0.6,0.10526315789473684,0.0631578947368421,True
New York,US-NY,New York,Central Park,L191106,40.78,-73.97,17,Setophaga magnolia,Magnolia Warbler,59,14,0.23728813559322035,0.23150266971777267,5,5,1.0,0.23728813559322035,0.23728813559322035,True
New York,US-NY,New York,Central Park,L191106,40.78,-73.97,17,Setophaga ruticilla,American Redstart,59,31,0.5254237288135594,0.5102974828375286,5,5,1.0,0.5254237288135594,0.5254237288135594,True
New York,US-NY,New York,Central Park,L191106,40.78,-73.97,17,Turdus migratorius,American Robin,59,28,0.4745762711864407,0.4725400457665904,5,5,1.0,0.4745762711864407,0.4745762711864407,True
New York,US-NY,New York,Central Park,L191106,40.78,-73.97,18,Cardinalis cardinalis,Northern Cardinal,75,44,0.5866666666666667,0.5841432225063938,5,5,1.0,0.5866666666666667,0.5866666666666667,True
New York,US-NY,New York,Central Park,L191106,40.78,-73.97,18,Melospiza melodia,Song Sparrow,75,33,0.44,0.44322250639386185,5,5,1.0,0.44,0.44,True
New York,US-NY,New York,Central Park,L191106,40.78,-73.97,18,Setophaga fusca,Blackburnian Warbler,75,20,0.26666666666666666,0.2621483375959079,5,5,1.0,0.26666666666666666,0.26666666666666666,True
New York,US-NY,New York,Central Park,L191106,40.78,-73.97,18,Setophaga magnolia,Magnolia Warbler,75,19,0.25333333333333335,0.2516624040920716,5,4,0.8,0.2878787878787879,0.23030303030303034,True
New York,US-NY,New York,Central Park,L191106,40.78,-73.97,18,Setophaga ruticilla,American Redstart,75,44,0.5866666666666667,0.5815856777493607,5,5,1.0,0.5866666666666667,0.5866666666666667,True
New York,US-NY,New York,Central Park,L191106,40.78,-73.97,18,Turdus migratorius,American Robin,75,25,0.3333333333333333,0.3350383631713555,5,5,1.0,0.3333333333333333,0.3333333333333333,True
New York,US-NY,New York,Central Park,L191106,40.78,-73.97,19,Cardinalis cardinalis,Northern Cardinal,64,28,0.4375,0.44177510844177503,5,5,1.0,0.4375,0.4375,True
New York,US-NY,New York,Central Park,L191106,40.78,-73.97,19,Melospiza melodia,Song Sparrow,64,31,0.484375,0.4823156489823156,5,5,1.0,0.484375,0.484375,True
New York,US-NY,New York,Central Park,L191106,40.78,-73.97,19,Setophaga fusca,Blackburnian Warbler,64,17,0.265625,0.2614280947614281,5,5,1.0,0.265625,0.265625,True
New York,US-NY,New York,Central Park,L191106,40.78,-73.97,19,Setophaga magnolia,Magnolia Warbler,64,30,0.46875,0.45879212545879217,5,5,1.0,0.46875,0.46875,True
New York,US-NY,New York,Central Park,L191106,40.78,-73.97,19,Setophaga ruticilla,American Redstart,64,28,0.4375,0.4300967634300968,5,5,1.0,0.4375,0.4375,True
New York,US-NY,New York,Central Park,L191106,40.78,-73.97,19,Turdus migratorius,American Robin,64,21,0.328125,0.3271604938271605,5,5,1.0,0.328125,0.328125,True
New York,US-NY,New York,Central Park,L191106,40.78,-73.97,20,Cardinalis cardinalis,Northern Cardinal,74,40,0.5405405405405406,0.5389848246991105,5,5,1.0,0.5405405405405406,0.5405405405405406,True
New York,US-NY,New York,Central Park,L191106,40.78,-73.97,20,Melospiza melodia,Song Sparrow,74,29,0.3918918918918919,0.3936420722135008,5,5,1.0,0.3918918918918919,0.3918918918918919,True
New York,US-NY,New York,Central Park,L191106,40.78,-73.97,20,Setophaga fusca,Blackburnian Warbler,74,19,0.25675675675675674,0.2523547880690738,5,5,1.0,0.25675675675675674,0.25675675675675674,True
New York,US-NY,New York,Central Park,L191106,40.78,-73.97,20,Setophaga magnolia,Magnolia Warbler,74,23,0.3108108108108108,0.3078231292517007,5,5,1.0,0.3108108108108108,0.3108108108108108,True
New York,US-NY,New York,Central Park,L191106,40.78,-73.97,20,Setophaga ruticilla,American Redstart,74,19,0.25675675675675674,0.2510465724751439,5,5,1.0,0.25675675675675674,0.25675675675675674,True
New York,US-NY,New York,Central Park,L191106,40.78,-73.97,20,Turdus migratorius,American Robin,74,26,0.35135135135135137,0.3553113553113553,5,5,1.0,0.35135135135135137,0.35135135135135137,True
New York,US-NY,New York,Central Park,L191106,40.78,-73.97,21,Cardinalis cardinalis,Northern Cardinal,62,39,0.6290322580645161,0.6253805175038052,5,5,1.0,0.6290322580645161,0.6290322580645161,True
New York,US-NY,New York,Central Park,L191106,40.78,-73.97,21,Melospiza melodia,Song Sparrow,62,23,0.3709677419354839,0.372716894977169,5,5,1.0,0.3709677419354839,0.3709677419354839,True
New York,US-NY,New York,Central Park,L191106,40.78,-73.97,21,Setophaga fusca,Blackburnian Warbler,62,12,0.1935483870967742,0.18949771689497716,5,5,1.0,0.1935483870967742,0.1935483870967742,True
New York,US-NY,New York,Central Park,L191106,40.78,-73.97,21,Setophaga magnolia,Magnolia Warbler,62,11,0.1774193548387097,0.1737062404870624,5,4,0.8,0.21568627450980393,0.17254901960784316,True
New York,US-NY,New York,Central Park,L191106,40.78,-73.97,21,Setophaga ruticilla,American Redstart,62,4,0.06451612903225806,0.06506849315068493,5,3,0.6,0.10810810810810811,0.06486486486486487,True
New York,US-NY,New York,Central Park,L191106,40.78,-73.97,21,Turdus migratorius,American Robin,62,30,0.4838709677419355,0.4832572298325723,5,5,1.0,0.4838709677419355,0.4838709677419355,True
New York,US-NY,New York,Central Park,L191106,40.78,-73.97,22,Cardinalis cardinalis,Northern Cardinal,68,34,0.5,0.502210433244916,5,5,1.0,0.5,0.5,True
New York,US-NY,New York,Central Park,L191106,40.78,-73.97,22,Melospiza melodia,Song Sparrow,68,30,0.4411764705882353,0.44356027114647806,5,5,1.0,0.4411764705882353,0.4411764705882353,True
New York,US-NY,New York,Central Park,L191106,40.78,-73.97,22,Setophaga fusca,Blackburnian Warbler,68,3,0.04411764705882353,0.042882404951370474,5,2,0.4,0.10344827586206896,0.041379310344827586,True
New York,US-NY,New York,Central Park,L191106,40.78,-73.97,22,Setophaga magnolia,Magnolia Warbler,68,4,0.058823529411764705,0.05717653993516063,5,3,0.6,0.09090909090909091,0.05454545454545454,True
New York,US-NY,New York,Central Park,L191106,40.78,-73.97,22,Setophaga ruticilla,American Redstart,68,1,0.014705882352941176,0.014294134983790157,5,1,0.2,0.08333333333333333,0.016666666666666666,True
New York,US-NY,New York,Central Park,L191106,40.78,-73.97,22,Turdus migratorius,American Robin,68,21,0.3088235294117647,0.3090185676392573,5,5,1.0,0.3088235294117647,0.3088235294117647,True
New York,US-NY,New York,Central Park,L191106,40.78,-73.97,23,Cardinalis cardinalis,Northern Cardinal,56,29,0.5178571428571429,0.5181818181818182,5,5,1.0,0.5178571428571429,0.5178571428571429,True
New York,US-NY,New York,Central Park,L191106,40.78,-73.97,23,Melospiza melodia,Song Sparrow,56,32,0.5714285714285714,0.5696969696969697,5,5,1.0,0.5714285714285714,0.5714285714285714,True
New York,US-NY,New York,Central Park,L191106,40.78,-73.97,23,Turdus migratorius,American Robin,56,20,0.35714285714285715,0.3696969696969697,5,5,1.0,0.35714285714285715,0.35714285714285715,True
New York,US-NY,New York,Central Park,L191106,40.78,-73.97,24,Cardinalis cardinalis,Northern Cardinal,71,37,0.5211267605633803,0.5227272727272727,5,5,1.0,0.5211267605633803,0.5211267605633803,True
New York,US-NY,New York,Central Park,L191106,40.78,-73.97,24,Melospiza melodia,Song Sparrow,71,35,0.49295774647887325,0.49663299663299665,5,5,1.0,0.49295774647887325,0.49295774647887325,True
New York,US-NY,New York,Central Park,L191106,40.78,-73.97,24,Turdus migratorius,American Robin,71,38,0.5352112676056338,0.5336700336700336,5,5,1.0,0.5352112676056338,0.5352112676056338,True
New York,US-NY,New York,Central Park,L191106,40.78,-73.97,25,Cardinalis cardinalis,Northern Cardinal,63,41,0.6507936507936508,0.6518120339864748,5,5,1.0,0.6507936507936508,0.6507936507936508,True
New York,US-NY,New York,Central Park,L191106,40.78,-73.97,25,Melospiza melodia,Song Sparrow,63,21,0.3333333333333333,0.33795734350615575,5,5,1.0,0.3333333333333333,0.3333333333333333,True
New York,US-NY,New York,Central Park,L191106,40.78,-73.97,25,Turdus migratorius,American Robin,63,26,0.4126984126984127,0.40645049419108725,5,5,1.0,0.4126984126984127,0.4126984126984127,True
New York,US-NY,New York,Central Park,L191106,40.78,-73.97,26,Cardinalis cardinalis,Northern Cardinal,72,42,0.5833333333333334,0.5826558265582656,5,5,1.0,0.5833333333333334,0.5833333333333334,True
New York,US-NY,New York,Central Park,L191106,40.78,-73.97,26,Melospiza melodia,Song Sparrow,72,30,0.4166666666666667,0.42411924119241196,5,5,1.0,0.4166666666666667,0.4166666666666667,True
New York,US-NY,New York,Central Park,L191106,40.78,-73.97,26,Turdus migratorius,American Robin,72,37,0.5138888888888888,0.5094850948509485,5,5,1.0,0.5138888888888888,0.5138888888888888,True
New York,US-NY,New York,Central Park,L191106,40.78,-73.97,27,Cardinalis cardinalis,Northern Cardinal,59,29,0.4915254237288136,0.4936947110860154,5,5,1.0,0.4915254237288136,0.4915254237288136,True
New York,US-NY,New York,Central Park,L191106,40.78,-73.97,27,Melospiza melodia,Song Sparrow,59,19,0.3220338983050847,0.3318275926971579,5,5,1.0,0.3220338983050847,0.3220338983050847,True
New York,US-NY,New York,Central Park,L191106,40.78,-73.97,27,Turdus migratorius,American Robin,59,30,0.5084745762711864,0.5044231131187652,5,5,1.0,0.5084745762711864,0.5084745762711864,True
New York,US-NY,New York,Central Park,L191106,40.78,-73.97,28,Cardinalis cardinalis,Northern Cardinal,58,41,0.7068965517241379,0.701651893634166,5,5,1.0,0.7068965517241379,0.7068965517241379,True
New York,US-NY,New York,Central Park,L191106,40.78,-73.97,28,Melospiza melodia,Song Sparrow,58,26,0.4482758620689655,0.45487510072522164,5,4,0.8,0.48148148148148145,0.3851851851851852,True
New York,US-NY,New York,Central Park,L191106,40.78,-73.97,28,Turdus migratorius,American Robin,58,27,0.46551724137931033,0.46555197421434324,5,5,1.0,0.46551724137931033,0.46551724137931033,True
New York,US-NY,New York,Central Park,L191106,40.78,-73.97,29,Cardinalis cardinalis,Northern Cardinal,60,35,0.5833333333333334,0.58994708994709,5,5,1.0,0.5833333333333334,0.5833333333333334,True
New York,US-NY,New York,Central Park,L191106,40.78,-73.97,29,Melospiza melodia,Song Sparrow,60,28,0.4666666666666667,0.46701940035273365,5,5,1.0,0.4666666666666667,0.4666666666666667,True
New York,US-NY,New York,Central Park,L191106,40.78,-73.97,29,Turdus migratorius,American Robin,60,24,0.4,0.39753086419753086,5,5,1.0,0.4,0.4,True
New York,US-NY,New York,Central Park,L191106,40.78,-73.97,30,Cardinalis cardinalis,Northern Cardinal,71,33,0.4647887323943662,0.4718792866941015,5,5,1.0,0.4647887323943662,0.4647887323943662,True
New York,US-NY,New York,Central Park,L191106,40.78,-73.97,30,Melospiza melodia,Song Sparrow,71,32,0.4507042253521127,0.448559670781893,5,5,1.0,0.4507042253521127,0.4507042253521127,True
New York,US-NY,New York,Central Park,L191106,40.78,-73.97,30,Turdus migratorius,American Robin,71,25,0.352112676056338,0.355281207133059,5,5,1.0,0.352112676056338,0.352112676056338,True
New York,US-NY,New York,Central Park,L191106,40.78,-73.97,31,Cardinalis cardinalis,Northern Cardinal,60,32,0.5333333333333333,0.5377289377289377,5,4,0.8,0.5614035087719298,0.44912280701754387,True
New York,US-NY,New York,Central Park,L191106,40.78,-73.97,31,Melospiza melodia,Song Sparrow,60,29,0.48333333333333334,0.4802197802197802,5,5,1.0,0.48333333333333334,0.48333333333333334,True
New York,US-NY,New York,Central Park,L191106,40.78,-73.97,31,Turdus migratorius,American Robin,60,33,0.55,0.5428571428571428,5,5,1.0,0.55,0.55,True
New York,US-NY,New York,Central Park,L191106,40.78,-73.97,32,Cardinalis cardinalis,Northern Cardinal,78,43,0.5512820512820513,0.5535714285714286,5,5,1.0,0.5512820512820513,0.5512820512820513,True
New York,US-NY,New York,Central Park,L191106,40.78,-73.97,32,Melospiza melodia,Song Sparrow,78,38,0.48717948717948717,0.48399814471243036,5,5,1.0,0.48717948717948717,0.48717948717948717,True
New York,US-NY,New York,Central Park,L191106,40.78,-73.97,32,Turdus migratorius,American Robin,78,25,0.32051282051282054,0.3223562152133581,5,5,1.0,0.32051282051282054,0.32051282051282054,True
New York,US-NY,New York,Central Park,L191106,40.78,-73.97,33,Cardinalis cardinalis,Northern Cardinal,65,37,0.5692307692307692,0.5672289156626505,5,5,1.0,0.5692307692307692,0.5692307692307692,True
New York,US-NY,New York,Central Park,L191106,40.78,-73.97,33,Melospiza melodia,Song Sparrow,65,25,0.38461538461538464,0.3879518072289157,5,5,1.0,0.38461538461538464,0.38461538461538464,True
New York,US-NY,New York,Central Park,L191106,40.78,-73.97,33,Turdus migratorius,American Robin,65,23,0.35384615384615387,0.3580722891566265,5,5,1.0,0.35384615384615387,0.35384615384615387,True
New York,US-NY,New York,Central Park,L191106,40.78,-73.97,34,Cardinalis cardinalis,Northern Cardinal,68,39,0.5735294117647058,0.5749063670411986,5,5,1.0,0.5735294117647058,0.5735294117647058,True
New York,US-NY,New York,Central Park,L191106,40.78,-73.97,34,Melospiza melodia,Song Sparrow,68,32,0.47058823529411764,0.4693171996542783,5,5,1.0,0.47058823529411764,0.47058823529411764,True
New York,US-NY,New York,Central Park,L191106,40.78,-73.97,34,Turdus migratorius,American Robin,68,30,0.4411764705882353,0.44223566695476807,5,5,1.0,0.4411764705882353,0.4411764705882353,True
New York,US-NY,New York,Central Park,L191106,40.78,-73.97,35,Cardinalis cardinalis,Northern Cardinal,63,37,0.5873015873015873,0.5829528158295282,5,5,1.0,0.5873015873015873,0.5873015873015873,True
New York,US-NY,New York,Central Park,L191106,40.78,-73.97,35,Melospiza melodia,Song Sparrow,63,28,0.4444444444444444,0.4444444444444444,5,5,1.0,0.4444444444444444,0.4444444444444444,True
New York,US-NY,New York,Central Park,L191106,40.78,-73.97,35,Turdus migratorius,American Robin,63,26,0.4126984126984127,0.4102824285472687,5,5,1.0,0.4126984126984127,0.4126984126984127,True
New York,US-NY,New York,Central Park,L191106,40.78,-73.97,36,Cardinalis cardinalis,Northern Cardinal,52,25,0.4807692307692308,0.4838709677419355,5,5,1.0,0.4807692307692308,0.4807692307692308,True
New York,US-NY,New York,Central Park,L191106,40.78,-73.97,36,Melospiza melodia,Song Sparrow,52,26,0.5,0.49022482893450636,5,5,1.0,0.5,0.5,True
New York,US-NY,New York,Central Park,L191106,40.78,-73.97,36,Turdus migratorius,American Robin,52,22,0.4230769230769231,0.4208211143695014,5,4,0.8,0.4489795918367347,0.3591836734693878,True
New York,US-NY,New York,Central Park,L191106,40.78,-73.97,37,Cardinalis cardinalis,Northern Cardinal,66,30,0.45454545454545453,0.4588815789473684,5,5,1.0,0.45454545454545453,0.45454545454545453,True
New York,US-NY,New York,Central Park,L191106,40.78,-73.97,37,Melospiza melodia,Song Sparrow,66,33,0.5,0.5049342105263158,5,5,1.0,0.5,0.5,True
New York,US-NY,New York,Central Park,L191106,40.78,-73.97,37,Turdus migratorius,American Robin,66,29,0.4393939393939394,0.4342105263157895,5,5,1.0,0.4393939393939394,0.4393939393939394,True
New York,US-NY,New York,Central Park,L191106,40.78,-73.97,38,Cardinalis cardinalis,Northern Cardinal,44,23,0.5227272727272727,0.5232266164469555,5,4,0.8,0.5609756097560976,0.4487804878048781,True
New York,US-NY,New York,Central Park,L191106,40.78,-73.97,38,Melospiza melodia,Song Sparrow,44,24,0.5454545454545454,0.5323289391086001,5,5,1.0,0.5454545454545454,0.5454545454545454,True
New York,US-NY,New York,Central Park,L191106,40.78,-73.97,38,Turdus migratorius,American Robin,44,21,0.4772727272727273,0.4767733835530446,5,5,1.0,0.4772727272727273,0.4772727272727273,True
New York,US-NY,New York,Central Park,L191106,40.78,-73.97,39,Cardinalis cardinalis,Northern Cardinal,64,37,0.578125,0.5794912559618443,5,5,1.0,0.578125,0.578125,True
New York,US-NY,New York,Central Park,L191106,40.78,-73.97,39,Melospiza melodia,Song Sparrow,64,35,0.546875,0.5492845786963434,5,5,1.0,0.546875,0.546875,True
New York,US-NY,New York,Central Park,L191106,40.78,-73.97,39,Turdus migratorius,American Robin,64,26,0.40625,0.41812400635930047,5,5,1.0,0.40625,0.40625,True
New York,US-NY,New York,Central Park,L191106,40.78,-73.97,40,Cardinalis cardinalis,Northern Cardinal,74,46,0.6216216216216216,0.619570905285191,5,5,1.0,0.6216216216216216,0.6216216216216216,True
New York,US-NY,New York,Central Park,L191106,40.78,-73.97,40,Melospiza melodia,Song Sparrow,74,39,0.527027027027027,0.532312925170068,5,5,1.0,0.527027027027027,0.527027027027027,True
New York,US-NY,New York,Central Park,L191106,40.78,-73.97,40,Turdus migratorius,American Robin,74,36,0.4864864864864865,0.4822082679225536,5,5,1.0,0.4864864864864865,0.4864864864864865,True
New York,US-NY,New York,Central Park,L191106,40.78,-73.97,41,Cardinalis cardinalis,Northern Cardinal,65,35,0.5384615384615384,0.5386973180076627,5,5,1.0,0.5384615384615384,0.5384615384615384,True
New York,US-NY,New York,Central Park,L191106,40.78,-73.97,41,Melospiza melodia,Song Sparrow,65,31,0.47692307692307695,0.47463601532567057,5,5,1.0,0.47692307692307695,0.47692307692307695,True
New York,US-NY,New York,Central Park,L191106,40.78,-73.97,41,Turdus migratorius,American Robin,65,24,0.36923076923076925,0.37363984674329503,5,5,1.0,0.36923076923076925,0.36923076923076925,True
New York,US-NY,New York,Central Park,L191106,40.78,-73.97,42,Cardinalis cardinalis,Northern Cardinal,80,50,0.625,0.6264775413711584,5,5,1.0,0.625,0.625,True
New York,US-NY,New York,Central Park,L191106,40.78,-73.97,42,Melospiza melodia,Song Sparrow,80,32,0.4,0.40047281323877065,5,5,1.0,0.4,0.4,True
New York,US-NY,New York,Central Park,L191106,40.78,-73.97,42,Turdus migratorius,American Robin,80,33,0.4125,0.4092198581560284,5,5,1.0,0.4125,0.4125,True
New York,US-NY,New York,Central Park,L191106,40.78,-73.97,43,Cardinalis cardinalis,Northern Cardinal,64,37,0.578125,0.5769757098871022,5,5,1.0,0.578125,0.578125,True
New York,US-NY,New York,Central Park,L191106,40.78,-73.97,43,Melospiza melodia,Song Sparrow,64,29,0.453125,0.4517618884707492,5,5,1.0,0.453125,0.453125,True
New York,US-NY,New York,Central Park,L191106,40.78,-73.97,43,Turdus migratorius,American Robin,64,23,0.359375,0.3587068080738967,5,5,1.0,0.359375,0.359375,True
New York,US-NY,New York,Central Park,L191106,40.78,-73.97,44,Cardinalis cardinalis,Northern Cardinal,56,25,0.44642857142857145,0.45104895104895104,5,5,1.0,0.44642857142857145,0.44642857142857145,True
New York,US-NY,New York,Central Park,L191106,40.78,-73.97,44,Ixoreus naevius,Varied Thrush,56,4,0.07142857142857142,0.06993006993006992,5,1,0.2,0.2857142857142857,0.05714285714285714,True
New York,US-NY,New York,Central Park,L191106,40.78,-73.97,44,Melospiza melodia,Song Sparrow,56,17,0.30357142857142855,0.3088578088578089,5,5,1.0,0.30357142857142855,0.30357142857142855,True
New York,US-NY,New York,Central Park,L191106,40.78,-73.97,44,Turdus migratorius,American Robin,56,8,0.14285714285714285,0.13986013986013984,5,3,0.6,0.22857142857142856,0.13714285714285712,True
New York,US-NY,New York,Central Park,L191106,40.78,-73.97,45,Cardinalis cardinalis,Northern Cardinal,70,34,0.4857142857142857,0.4882352941176471,5,5,1.0,0.4857142857142857,0.4857142857142857,True
New York,US-NY,New York,Central Park,L191106,40.78,-73.97,45,Ixoreus naevius,Varied Thrush,70,2,0.02857142857142857,0.027941176470588237,5,1,0.2,0.11764705882352941,0.023529411764705882,True
New York,US-NY,New York,Central Park,L191106,40.78,-73.97,45,Melospiza melodia,Song Sparrow,70,33,0.4714285714285714,0.4698529411764706,5,5,1.0,0.4714285714285714,0.4714285714285714,True
New York,US-NY,New York,Central Park,L191106,40.78,-73.97,45,Turdus migratorius,American Robin,70,18,0.2571428571428571,0.2529411764705882,5,5,1.0,0.2571428571428571,0.2571428571428571,True
New York,US-NY,New York,Central Park,L191106,40.78,-73.97,46,Cardinalis cardinalis,Northern Cardinal,78,41,0.5256410256410257,0.5274621212121212,5,5,1.0,0.5256410256410257,0.5256410256410257,True
New York,US-NY,New York,Central Park,L191106,40.78,-73.97,46,Ixoreus naevius,Varied Thrush,78,2,0.02564102564102564,0.02509469696969697,5,1,0.2,0.14285714285714285,0.02857142857142857,True
New York,US-NY,New York,Central Park,L191106,40.78,-73.97,46,Melospiza melodia,Song Sparrow,78,32,0.41025641025641024,0.40980113636363635,5,5,1.0,0.41025641025641024,0.41025641025641024,True
New York,US-NY,New York,Central Park,L191106,40.78,-73.97,46,Turdus migratorius,American Robin,78,18,0.23076923076923078,0.22585227272727273,5,5,1.0,0.23076923076923078,0.23076923076923078,True
New York,US-NY,New York,Central Park,L191106,40.78,-73.97,47,Cardinalis cardinalis,Northern Cardinal,78,43,0.5512820512820513,0.5500927643784786,5,5,1.0,0.5512820512820513,0.5512820512820513,True
New York,US-NY,New York,Central Park,L191106,40.78,-73.97,47,Ixoreus naevius,Varied Thrush,78,6,0.07692307692307693,0.075139146567718,5,1,0.2,0.375,0.07500000000000001,True
New York,US-NY,New York,Central Park,L191106,40.78,-73.97,47,Melospiza melodia,Song Sparrow,78,35,0.44871794871794873,0.4499072356215213,5,5,1.0,0.44871794871794873,0.44871794871794873,True
New York,US-NY,New York,Central Park,L191106,40.78,-73.97,47,Turdus migratorius,American Robin,78,20,0.2564102564102564,0.2562615955473098,5,5,1.0,0.2564102564102564,0.2564102564102564,True
New York,US-NY,New York,Central Park,L191106,40.78,-73.97,48,Cardinalis cardinalis,Northern Cardinal,68,34,0.5,0.49927974647075773,5,5,1.0,0.5,0.5,True
New York,US-NY,New York,Central Park,L191106,40.78,-73.97,48,Ixoreus naevius,Varied Thrush,68,1,0.014705882352941176,0.014261019878997408,5,1,0.2,0.125,0.025,True
New York,US-NY,New York,Central Park,L191106,40.78,-73.97,48,Melospiza melodia,Song Sparrow,68,24,0.35294117647058826,0.3581100547392682,5,5,1.0,0.35294117647058826,0.35294117647058826,True
New York,US-NY,New York,Central Park,L191106,40.78,-73.97,48,Turdus migratorius,American Robin,68,9,0.1323529411764706,0.1384327283203688,5,5,1.0,0.1323529411764706,0.1323529411764706,True
New York,US-NY,Suffolk,Montauk Point,L160603,41.07,-71.86,1,Cardinalis cardinalis,Northern Cardinal,19,11,0.5789473684210527,0.5769554247266611,5,5,1.0,0.5789473684210527,0.5789473684210527,True
New York,US-NY,Suffolk,Montauk Point,L160603,41.07,-71.86,1,Melospiza melodia,Song Sparrow,19,11,0.5789473684210527,0.5475189234650968,5,5,1.0,0.5789473684210527,0.5789473684210527,True
New York,US-NY,Suffolk,Montauk Point,L160603,41.07,-71.86,1,Turdus migratorius,American Robin,19,5,0.2631578947368421,0.2523128679562658,5,3,0.6,0.45454545454545453,0.2727272727272727,True
New York,US-NY,Suffolk,Montauk Point,L160603,41.07,-71.86,2,Cardinalis cardinalis,Northern Cardinal,16,8,0.5,0.521978021978022,3,2,0.6666666666666666,0.5555555555555556,0.37037037037037035,True
New York,US-NY,Suffolk,Montauk Point,L160603,41.07,-71.86,2,Melospiza melodia,Song Sparrow,16,5,0.3125,0.3626373626373626,3,2,0.6666666666666666,0.42857142857142855,0.2857142857142857,True
New York,US-NY,Suffolk,Montauk Point,L160603,41.07,-71.86,2,Turdus migratorius,American Robin,16,3,0.1875,0.2087912087912088,3,2,0.6666666666666666,0.2222222222222222,0.14814814814814814,True
New York,US-NY,Suffolk,Montauk Point,L160603,41.07,-71.86,3,Cardinalis cardinalis,Northern Cardinal,19,9,0.47368421052631576,0.44137931034482764,5,5,1.0,0.47368421052631576,0.47368421052631576,True
New York,US-NY,Suffolk,Montauk Point,L160603,41.07,-71.86,3,Melospiza melodia,Song Sparrow,19,9,0.47368421052631576,0.46551724137931033,5,4,0.8,0.5625,0.45,True
New York,US-NY,Suffolk,Montauk Point,L160603,41.07,-71.86,3,Turdus migratorius,American Robin,19,6,0.3157894736842105,0.2896551724137931,5,5,1.0,0.3157894736842105,0.3157894736842105,True
New York,US-NY,Suffolk,Montauk Point,L160603,41.07,-71.86,4,Cardinalis cardinalis,Northern Cardinal,17,8,0.47058823529411764,0.46572104018912525,5,5,1.0,0.47058823529411764,0.47058823529411764,True
New York,US-NY,Suffolk,Montauk Point,L160603,41.07,-71.86,4,Melospiza melodia,Song Sparrow,17,9,0.5294117647058824,0.5106382978723404,5,4,0.8,0.6428571428571429,0.5142857142857143,True
New York,US-NY,Suffolk,Montauk Point,L160603,41.07,-71.86,4,Turdus migratorius,American Robin,17,3,0.17647058823529413,0.17415287628053586,5,3,0.6,0.3,0.18,True
New York,US-NY,Suffolk,Montauk Point,L160603,41.07,-71.86,5,Cardinalis cardinalis,Northern Cardinal,15,13,0.8666666666666667,0.76,4,4,1.0,0.8461538461538461,0.8461538461538461,True
New York,US-NY,Suffolk,Montauk Point,L160603,41.07,-71.86,5,Melospiza melodia,Song Sparrow,15,4,0.26666666666666666,0.33454545454545453,4,3,0.75,0.4444444444444444,0.3333333333333333,True
New York,US-NY,Suffolk,Montauk Point,L160603,41.07,-71.86,5,Turdus migratorius,American Robin,15,1,0.06666666666666667,0.09818181818181819,4,1,0.25,0.3333333333333333,0.08333333333333333,True
New York,US-NY,Suffolk,Montauk Point,L160603,41.07,-71.86,6,Cardinalis cardinalis,Northern Cardinal,22,13,0.5909090909090909,0.6065705128205128,5,5,1.0,0.5909090909090909,0.5909090909090909,True
New York,US-NY,Suffolk,Montauk Point,L160603,41.07,-71.86,6,Melospiza melodia,Song Sparrow,22,12,0.5454545454545454,0.5392628205128205,5,4,0.8,0.631578947368421,0.5052631578947369,True
New York,US-NY,Suffolk,Montauk Point,L160603,41.07,-71.86,6,Turdus migratorius,American Robin,22,8,0.36363636363636365,0.32211538461538464,5,3,0.6,0.5333333333333333,0.32,True
New York,US-NY,Suffolk,Montauk Point,L160603,41.07,-71.86,7,Cardinalis cardinalis,Northern Cardinal,15,9,0.6,0.6167901234567901,4,4,1.0,0.5714285714285714,0.5714285714285714,True
New York,US-NY,Suffolk,Montauk Point,L160603,41.07,-71.86,7,Melospiza melodia,Song Sparrow,15,9,0.6,0.5328395061728395,4,4,1.0,0.6428571428571429,0.6428571428571429,True
New York,US-NY,Suffolk,Montauk Point,L160603,41.07,-71.86,7,Turdus migratorius,American Robin,15,4,0.26666666666666666,0.22913580246913579,4,2,0.5,0.6666666666666666,0.3333333333333333,True
New York,US-NY,Suffolk,Montauk Point,L160603,41.07,-71.86,8,Cardinalis cardinalis,Northern Cardinal,24,14,0.5833333333333334,0.5882352941176471,5,5,1.0,0.5833333333333334,0.5833333333333334,True
New York,US-NY,Suffolk,Montauk Point,L160603,41.07,-71.86,8,Melospiza melodia,Song Sparrow,24,15,0.625,0.5764705882352942,5,5,1.0,0.625,0.625,True
New York,US-NY,Suffolk,Montauk Point,L160603,41.07,-71.86,8,Turdus migratorius,American Robin,24,4,0.16666666666666666,0.17647058823529413,5,3,0.6,0.26666666666666666,0.16,True
New York,US-NY,Suffolk,Montauk Point,L160603,41.07,-71.86,9,Cardinalis cardinalis,Northern Cardinal,17,8,0.47058823529411764,0.5207631874298541,4,4,1.0,0.4666666666666667,0.4666666666666667,True
New York,US-NY,Suffolk,Montauk Point,L160603,41.07,-71.86,9,Melospiza melodia,Song Sparrow,17,8,0.47058823529411764,0.45342312008978675,4,4,1.0,0.4666666666666667,0.4666666666666667,True
New York,US-NY,Suffolk,Montauk Point,L160603,41.07,-71.86,9,Turdus migratorius,American Robin,17,4,0.23529411764705882,0.29966329966329963,4,2,0.5,0.42857142857142855,0.21428571428571427,True
New York,US-NY,Suffolk,Montauk Point,L160603,41.07,-71.86,10,Cardinalis cardinalis,Northern Cardinal,20,16,0.8,0.7476190476190477,5,5,1.0,0.8,0.8,True
New York,US-NY,Suffolk,Montauk Point,L160603,41.07,-71.86,10,Melospiza melodia,Song Sparrow,20,8,0.4,0.4142857142857143,5,5,1.0,0.4,0.4,True
New York,US-NY,Suffolk,Montauk Point,L160603,41.07,-71.86,10,Turdus migratorius,American Robin,20,9,0.45,0.4142857142857143,5,4,0.8,0.6,0.48,True
New York,US-NY,Suffolk,Montauk Point,L160603,41.07,-71.86,11,Cardinalis cardinalis,Northern Cardinal,21,12,0.5714285714285714,0.5687441277795177,5,5,1.0,0.5714285714285714,0.5714285714285714,True
New York,US-NY,Suffolk,Montauk Point,L160603,41.07,-71.86,11,Melospiza melodia,Song Sparrow,21,11,0.5238095238095238,0.4895082994049483,5,5,1.0,0.5238095238095238,0.5238095238095238,True
New York,US-NY,Suffolk,Montauk Point,L160603,41.07,-71.86,11,Turdus migratorius,American Robin,21,6,0.2857142857142857,0.32195427497651113,5,3,0.6,0.4,0.24,True
New York,US-NY,Suffolk,Montauk Point,L160603,41.07,-71.86,12,Cardinalis cardinalis,Northern Cardinal,17,10,0.5882352941176471,0.5772005772005772,4,4,1.0,0.6,0.6,True
New York,US-NY,Suffolk,Montauk Point,L160603,41.07,-71.86,12,Melospiza melodia,Song Sparrow,17,8,0.47058823529411764,0.430976430976431,4,3,0.75,0.6666666666666666,0.5,True
New York,US-NY,Suffolk,Montauk Point,L160603,41.07,-71.86,12,Turdus migratorius,American Robin,17,7,0.4117647058823529,0.393939393939394,4,4,1.0,0.3333333333333333,0.3333333333333333,True
New York,US-NY,Suffolk,Montauk Point,L160603,41.07,-71.86,13,Cardinalis cardinalis,Northern Cardinal,13,6,0.46153846153846156,0.4936319718928414,3,3,1.0,0.5454545454545454,0.5454545454545454,True
New York,US-NY,Suffolk,Montauk Point,L160603,41.07,-71.86,13,Melospiza melodia,Song Sparrow,13,3,0.23076923076923078,0.33245498462889767,3,2,0.6666666666666666,0.2857142857142857,0.19047619047619047,True
New York,US-NY,Suffolk,Montauk Point,L160603,41.07,-71.86,13,Turdus migratorius,American Robin,13,4,0.3076923076923077,0.3188405797101449,3,3,1.0,0.36363636363636365,0.36363636363636365,True
New York,US-NY,Suffolk,Montauk Point,L160603,41.07,-71.86,14,Cardinalis cardinalis,Northern Cardinal,19,11,0.5789473684210527,0.5896551724137932,4,3,0.75,0.6428571428571429,0.4821428571428572,True
New York,US-NY,Suffolk,Montauk Point,L160603,41.07,-71.86,14,Melospiza melodia,Song Sparrow,19,7,0.3684210526315789,0.41724137931034483,4,4,1.0,0.35294117647058826,0.35294117647058826,True
New York,US-NY,Suffolk,Montauk Point,L160603,41.07,-71.86,14,Turdus migratorius,American Robin,19,7,0.3684210526315789,0.3724137931034483,4,4,1.0,0.35294117647058826,0.35294117647058826,True
New York,US-NY,Suffolk,Montauk Point,L160603,41.07,-71.86,15,Cardinalis cardinalis,Northern Cardinal,13,8,0.6153846153846154,0.6220735785953176,2,2,1.0,0.4444444444444444,0.4444444444444444,True
New York,US-NY,Suffolk,Montauk Point,L160603,41.07,-71.86,15,Melospiza melodia,Song Sparrow,13,9,0.6923076923076923,0.6254180602006688,2,2,1.0,0.7777777777777778,0.7777777777777778,True
New York,US-NY,Suffolk,Montauk Point,L160603,41.07,-71.86,15,Turdus migratorius,American Robin,13,4,0.3076923076923077,0.3745819397993312,2,1,0.5,0.5,0.25,True
New York,US-NY,Suffolk,Montauk Point,L160603,41.07,-71.86,16,Ammospiza caudacuta,Saltmarsh Sparrow,12,4,0.3333333333333333,0.2048331415420023,2,2,1.0,0.375,0.375,True
New York,US-NY,Suffolk,Montauk Point,L160603,41.07,-71.86,16,Cardinalis cardinalis,Northern Cardinal,12,7,0.5833333333333334,0.5368239355581128,2,2,1.0,0.75,0.75,True
New York,US-NY,Suffolk,Montauk Point,L160603,41.07,-71.86,16,Melospiza melodia,Song Sparrow,12,5,0.4166666666666667,0.42289988492520136,2,2,1.0,0.5,0.5,True
New York,US-NY,Suffolk,Montauk Point,L160603,41.07,-71.86,16,Setophaga ruticilla,American Redstart,12,2,0.16666666666666666,0.17721518987341775,2,1,0.5,0.5,0.25,True
New York,US-NY,Suffolk,Montauk Point,L160603,41.07,-71.86,16,Turdus migratorius,American Robin,12,4,0.3333333333333333,0.3429228998849252,2,1,0.5,0.5,0.25,True
New York,US-NY,Suffolk,Montauk Point,L160603,41.07,-71.86,17,Ammospiza caudacuta,Saltmarsh Sparrow,17,9,0.5294117647058824,0.37719298245614036,4,4,1.0,0.4666666666666667,0.4666666666666667,True
New York,US-NY,Suffolk,Montauk Point,L160603,41.07,-71.86,17,Cardinalis cardinalis,Northern Cardinal,17,12,0.7058823529411765,0.6442495126705653,4,3,0.75,0.9166666666666666,0.6875,True
New York,US-NY,Suffolk,Montauk Point,L160603,41.07,-71.86,17,Melospiza melodia,Song Sparrow,17,10,0.5882352941176471,0.5750487329434698,4,4,1.0,0.5333333333333333,0.5333333333333333,True
New York,US-NY,Suffolk,Montauk Point,L160603,41.07,-71.86,17,Setophaga fusca,Blackburnian Warbler,17,1,0.058823529411764705,0.06140350877192983,4,1,0.25,0.25,0.0625,True
New York,US-NY,Suffolk,Montauk Point,L160603,41.07,-71.86,17,Setophaga magnolia,Magnolia Warbler,17,1,0.058823529411764705,0.11013645224171541,4,1,0.25,0.25,0.0625,True
New York,US-NY,Suffolk,Montauk Point,L160603,41.07,-71.86,17,Setophaga ruticilla,American Redstart,17,1,0.058823529411764705,0.19298245614035087,4,1,0.25,0.25,0.0625,True
New York,US-NY,Suffolk,Montauk Point,L160603,41.07,-71.86,17,Turdus migratorius,American Robin,17,7,0.4117647058823529,0.4298245614035088,4,4,1.0,0.4666666666666667,0.4666666666666667,True
New York,US-NY,Suffolk,Montauk Point,L160603,41.07,-71.86,18,Ammospiza caudacuta,Saltmarsh Sparrow,17,7,0.4117647058823529,0.28743961352657005,4,4,1.0,0.4117647058823529,0.4117647058823529,True
New York,US-NY,Suffolk,Montauk Point,L160603,41.07,-71.86,18,Cardinalis cardinalis,Northern Cardinal,17,8,0.47058823529411764,0.5056360708534621,4,3,0.75,0.6153846153846154,0.46153846153846156,True
New York,US-NY,Suffolk,Montauk Point,L160603,41.07,-71.86,18,Melospiza melodia,Song Sparrow,17,10,0.5882352941176471,0.5434782608695653,4,4,1.0,0.5882352941176471,0.5882352941176471,True
New York,US-NY,Suffolk,Montauk Point,L160603,41.07,-71.86,18,Setophaga fusca,Blackburnian Warbler,17,1,0.058823529411764705,0.1215780998389694,4,1,0.25,0.3333333333333333,0.08333333333333333,True
New York,US-NY,Suffolk,Montauk Point,L160603,41.07,-71.86,18,Setophaga magnolia,Magnolia Warbler,17,3,0.17647058823529413,0.1996779388083736,4,3,0.75,0.25,0.1875,True
New York,US-NY,Suffolk,Montauk Point,L160603,41.07,-71.86,18,Setophaga ruticilla,American Redstart,17,6,0.35294117647058826,0.42351046698872785,4,4,1.0,0.35294117647058826,0.35294117647058826,True
New York,US-NY,Suffolk,Montauk Point,L160603,41.07,-71.86,18,Turdus migratorius,American Robin,17,7,0.4117647058823529,0.38808373590982287,4,4,1.0,0.4117647058823529,0.4117647058823529,True
New York,US-NY,Suffolk,Montauk Point,L160603,41.07,-71.86,19,Ammospiza caudacuta,Saltmarsh Sparrow,17,7,0.4117647058823529,0.2912665752171925,4,4,1.0,0.3333333333333333,0.3333333333333333,True
New York,US-NY,Suffolk,Montauk Point,L160603,41.07,-71.86,19,Cardinalis cardinalis,Northern Cardinal,17,10,0.5882352941176471,0.5441243712848651,4,4,1.0,0.6666666666666666,0.6666666666666666,True
New York,US-NY,Suffolk,Montauk Point,L160603,41.07,-71.86,19,Melospiza melodia,Song Sparrow,17,7,0.4117647058823529,0.43301326017375397,4,4,1.0,0.4,0.4,True
New York,US-NY,Suffolk,Montauk Point,L160603,41.07,-71.86,19,Setophaga fusca,Blackburnian Warbler,17,2,0.11764705882352941,0.16095107453132143,4,1,0.25,0.3333333333333333,0.08333333333333333,True
New York,US-NY,Suffolk,Montauk Point,L160603,41.07,-71.86,19,Setophaga magnolia,Magnolia Warbler,17,2,0.11764705882352941,0.22039323273891173,4,2,0.5,0.25,0.125,True
New York,US-NY,Suffolk,Montauk Point,L160603,41.07,-71.86,19,Setophaga ruticilla,American Redstart,17,3,0.17647058823529413,0.25285779606767256,4,2,0.5,0.3333333333333333,0.16666666666666666,True
New York,US-NY,Suffolk,Montauk Point,L160603,41.07,-71.86,19,Turdus migratorius,American Robin,17,5,0.29411764705882354,0.3040695016003658,4,3,0.75,0.4166666666666667,0.3125,True
New York,US-NY,Suffolk,Montauk Point,L160603,41.07,-71.86,20,Ammospiza caudacuta,Saltmarsh Sparrow,17,7,0.4117647058823529,0.28774928774928776,4,3,0.75,0.5,0.375,True
New York,US-NY,Suffolk,Montauk Point,L160603,41.07,-71.86,20,Cardinalis cardinalis,Northern Cardinal,17,8,0.47058823529411764,0.4916564916564916,4,3,0.75,0.6666666666666666,0.5,True
New York,US-NY,Suffolk,Montauk Point,L160603,41.07,-71.86,20,Melospiza melodia,Song Sparrow,17,8,0.47058823529411764,0.44688644688644685,4,4,1.0,0.5333333333333333,0.5333333333333333,True
New York,US-NY,Suffolk,Montauk Point,L160603,41.07,-71.86,20,Setophaga fusca,Blackburnian Warbler,17,1,0.058823529411764705,0.11843711843711845,4,1,0.25,0.25,0.0625,True
New York,US-NY,Suffolk,Montauk Point,L160603,41.07,-71.86,20,Setophaga magnolia,Magnolia Warbler,17,3,0.17647058823529413,0.21693121693121692,4,2,0.5,0.2857142857142857,0.14285714285714285,True
New York,US-NY,Suffolk,Montauk Point,L160603,41.07,-71.86,20,Turdus migratorius,American Robin,17,9,0.5294117647058824,0.4757834757834758,4,3,0.75,0.5833333333333334,0.4375,True
New York,US-NY,Suffolk,Montauk Point,L160603,41.07,-71.86,21,Ammospiza caudacuta,Saltmarsh Sparrow,11,7,0.6363636363636364,0.3789954337899544,2,2,1.0,0.7142857142857143,0.7142857142857143,True
New York,US-NY,Suffolk,Montauk Point,L160603,41.07,-71.86,21,Cardinalis cardinalis,Northern Cardinal,11,5,0.45454545454545453,0.5251141552511415,2,2,1.0,0.7142857142857143,0.7142857142857143,True
New York,US-NY,Suffolk,Montauk Point,L160603,41.07,-71.86,21,Melospiza melodia,Song Sparrow,11,5,0.45454545454545453,0.4207436399217221,2,2,1.0,0.42857142857142855,0.42857142857142855,True
New York,US-NY,Suffolk,Montauk Point,L160603,41.07,-71.86,21,Setophaga ruticilla,American Redstart,11,1,0.09090909090909091,0.0802348336594912,2,1,0.5,0.25,0.125,True
New York,US-NY,Suffolk,Montauk Point,L160603,41.07,-71.86,21,Turdus migratorius,American Robin,11,5,0.45454545454545453,0.46640574037834304,2,2,1.0,0.5714285714285714,0.5714285714285714,True
New York,US-NY,Suffolk,Montauk Point,L160603,41.07,-71.86,22,Ammospiza caudacuta,Saltmarsh Sparrow,19,6,0.3157894736842105,0.23067776456599287,5,3,0.6,0.5,0.3,True
New York,US-NY,Suffolk,Montauk Point,L160603,41.07,-71.86,22,Cardinalis cardinalis,Northern Cardinal,19,11,0.5789473684210527,0.5576694411414982,5,5,1.0,0.5789473684210527,0.5789473684210527,True
New York,US-NY,Suffolk,Montauk Point,L160603,41.07,-71.86,22,Melospiza melodia,Song Sparrow,19,10,0.5263157894736842,0.5033690051525961,5,5,1.0,0.5263157894736842,0.5263157894736842,True
New York,US-NY,Suffolk,Montauk Point,L160603,41.07,-71.86,22,Turdus migratorius,American Robin,19,6,0.3157894736842105,0.31391200951248516,5,3,0.6,0.5454545454545454,0.3272727272727272,True
New York,US-NY,Suffolk,Montauk Point,L160603,41.07,-71.86,23,Ammospiza caudacuta,Saltmarsh Sparrow,19,8,0.42105263157894735,0.31264367816091954,3,3,1.0,0.4375,0.4375,True
New York,US-NY,Suffolk,Montauk Point,L160603,41.07,-71.86,23,Cardinalis cardinalis,Northern Cardinal,19,10,0.5263157894736842,0.5241379310344827,3,3,1.0,0.5,0.5,True
New York,US-NY,Suffolk,Montauk Point,L160603,41.07,-71.86,23,Melospiza melodia,Song Sparrow,19,10,0.5263157894736842,0.5379310344827587,3,3,1.0,0.5,0.5,True
New York,US-NY,Suffolk,Montauk Point,L160603,41.07,-71.86,23,Turdus migratorius,American Robin,19,13,0.6842105263157895,0.6,3,3,1.0,0.6875,0.6875,True
New York,US-NY,Suffolk,Montauk Point,L160603,41.07,-71.86,24,Ammospiza caudacuta,Saltmarsh Sparrow,17,6,0.35294117647058826,0.24747474747474746,3,2,0.6666666666666666,0.625,0.41666666666666663,True
New York,US-NY,Suffolk,Montauk Point,L160603,41.07,-71.86,24,Cardinalis cardinalis,Northern Cardinal,17,10,0.5882352941176471,0.5681818181818181,3,3,1.0,0.5384615384615384,0.5384615384615384,True
New York,US-NY,Suffolk,Montauk Point,L160603,41.07,-71.86,24,Melospiza melodia,Song Sparrow,17,11,0.6470588235294118,0.601010101010101,3,3,1.0,0.5384615384615384,0.5384615384615384,True
New York,US-NY,Suffolk,Montauk Point,L160603,41.07,-71.86,24,Turdus migratorius,American Robin,17,8,0.47058823529411764,0.4898989898989899,3,3,1.0,0.38461538461538464,0.38461538461538464,True
New York,US-NY,Suffolk,Montauk Point,L160603,41.07,-71.86,25,Ammospiza caudacuta,Saltmarsh Sparrow,16,4,0.25,0.1733203505355404,3,1,0.3333333333333333,0.6666666666666666,0.2222222222222222,True
New York,US-NY,Suffolk,Montauk Point,L160603,41.07,-71.86,25,Cardinalis cardinalis,Northern Cardinal,16,11,0.6875,0.6762414800389484,3,3,1.0,0.5833333333333334,0.5833333333333334,True
New York,US-NY,Suffolk,Montauk Point,L160603,41.07,-71.86,25,Melospiza melodia,Song Sparrow,16,8,0.5,0.4488802336903603,3,3,1.0,0.5833333333333334,0.5833333333333334,True
New York,US-NY,Suffolk,Montauk Point,L160603,41.07,-71.86,25,Turdus migratorius,American Robin,16,3,0.1875,0.25657254138266794,3,2,0.6666666666666666,0.2222222222222222,0.14814814814814814,True
New York,US-NY,Suffolk,Montauk Point,L160603,41.07,-71.86,26,Ammospiza caudacuta,Saltmarsh Sparrow,18,5,0.2777777777777778,0.1984126984126984,4,3,0.75,0.36363636363636365,0.2727272727272727,True
New York,US-NY,Suffolk,Montauk Point,L160603,41.07,-71.86,26,Cardinalis cardinalis,Northern Cardinal,18,10,0.5555555555555556,0.5634920634920635,4,4,1.0,0.5625,0.5625,True
New York,US-NY,Suffolk,Montauk Point,L160603,41.07,-71.86,26,Melospiza melodia,Song Sparrow,18,13,0.7222222222222222,0.634920634920635,4,4,1.0,0.75,0.75,True
New York,US-NY,Suffolk,Montauk Point,L160603,41.07,-71.86,26,Turdus migratorius,American Robin,18,6,0.3333333333333333,0.38492063492063494,4,3,0.75,0.45454545454545453,0.3409090909090909,True
New York,US-NY,Suffolk,Montauk Point,L160603,41.07,-71.86,27,Ammospiza caudacuta,Saltmarsh Sparrow,18,9,0.5,0.3631725417439703,5,4,0.8,0.6,0.48,True
New York,US-NY,Suffolk,Montauk Point,L160603,41.07,-71.86,27,Cardinalis cardinalis,Northern Cardinal,18,10,0.5555555555555556,0.5380333951762523,5,5,1.0,0.5555555555555556,0.5555555555555556,True
New York,US-NY,Suffolk,Montauk Point,L160603,41.07,-71.86,27,Melospiza melodia,Song Sparrow,18,11,0.6111111111111112,0.5320037105751391,5,5,1.0,0.6111111111111112,0.6111111111111112,True
New York,US-NY,Suffolk,Montauk Point,L160603,41.07,-71.86,27,Turdus migratorius,American Robin,18,7,0.3888888888888889,0.42161410018552875,5,4,0.8,0.4666666666666667,0.37333333333333335,True
New York,US-NY,Suffolk,Montauk Point,L160603,41.07,-71.86,28,Ammospiza caudacuta,Saltmarsh Sparrow,15,6,0.4,0.2728767123287671,4,4,1.0,0.46153846153846156,0.46153846153846156,True
New York,US-NY,Suffolk,Montauk Point,L160603,41.07,-71.86,28,Cardinalis cardinalis,Northern Cardinal,15,8,0.5333333333333333,0.5884931506849316,4,4,1.0,0.5384615384615384,0.5384615384615384,True
New York,US-NY,Suffolk,Montauk Point,L160603,41.07,-71.86,28,Melospiza melodia,Song Sparrow,15,10,0.6666666666666666,0.5972602739726027,4,4,1.0,0.6153846153846154,0.6153846153846154,True
New York,US-NY,Suffolk,Montauk Point,L160603,41.07,-71.86,28,Turdus migratorius,American Robin,15,7,0.4666666666666667,0.4663013698630137,4,4,1.0,0.46153846153846156,0.46153846153846156,True
New York,US-NY,Suffolk,Montauk Point,L160603,41.07,-71.86,29,Ammospiza caudacuta,Saltmarsh Sparrow,21,8,0.38095238095238093,0.2899243329350856,5,5,1.0,0.38095238095238093,0.38095238095238093,True
New York,US-NY,Suffolk,Montauk Point,L160603,41.07,-71.86,29,Cardinalis cardinalis,Northern Cardinal,21,16,0.7619047619047619,0.7192353643966548,5,5,1.0,0.7619047619047619,0.7619047619047619,True
New York,US-NY,Suffolk,Montauk Point,L160603,41.07,-71.86,29,Melospiza melodia,Song Sparrow,21,10,0.47619047619047616,0.4739147749900438,5,5,1.0,0.47619047619047616,0.47619047619047616,True
New York,US-NY,Suffolk,Montauk Point,L160603,41.07,-71.86,29,Turdus migratorius,American Robin,21,7,0.3333333333333333,0.34926324173636,5,4,0.8,0.3888888888888889,0.3111111111111111,True
New York,US-NY,Suffolk,Montauk Point,L160603,41.07,-71.86,30,Ammospiza caudacuta,Saltmarsh Sparrow,19,5,0.2631578947368421,0.19157088122605365,5,5,1.0,0.2631578947368421,0.2631578947368421,True
New York,US-NY,Suffolk,Montauk Point,L160603,41.07,-71.86,30,Cardinalis cardinalis,Northern Cardinal,19,14,0.7368421052631579,0.6628352490421455,5,5,1.0,0.7368421052631579,0.7368421052631579,True
New York,US-NY,Suffolk,Montauk Point,L160603,41.07,-71.86,30,Melospiza melodia,Song Sparrow,19,7,0.3684210526315789,0.39080459770114945,5,5,1.0,0.3684210526315789,0.3684210526315789,True
New York,US-NY,Suffolk,Montauk Point,L160603,41.07,-71.86,30,Turdus migratorius,American Robin,19,9,0.47368421052631576,0.4406130268199234,5,4,0.8,0.5625,0.45,True
New York,US-NY,Suffolk,Montauk Point,L160603,41.07,-71.86,31,Ammospiza caudacuta,Saltmarsh Sparrow,18,4,0.2222222222222222,0.16117216117216118,4,3,0.75,0.3333333333333333,0.25,True
New York,US-NY,Suffolk,Montauk Point,L160603,41.07,-71.86,31,Cardinalis cardinalis,Northern Cardinal,18,12,0.6666666666666666,0.6300366300366301,4,4,1.0,0.6875,0.6875,True
New York,US-NY,Suffolk,Montauk Point,L160603,41.07,-71.86,31,Melospiza melodia,Song Sparrow,18,7,0.3888888888888889,0.41483516483516486,4,3,0.75,0.46153846153846156,0.34615384615384615,True
New York,US-NY,Suffolk,Montauk Point,L160603,41.07,-71.86,31,Turdus migratorius,American Robin,18,6,0.3333333333333333,0.39285714285714285,4,3,0.75,0.38461538461538464,0.2884615384615385,True
New York,US-NY,Suffolk,Montauk Point,L160603,41.07,-71.86,32,Ammospiza caudacuta,Saltmarsh Sparrow,20,5,0.25,0.1836734693877551,4,3,0.75,0.3333333333333333,0.25,True
New York,US-NY,Suffolk,Montauk Point,L160603,41.07,-71.86,32,Cardinalis cardinalis,Northern Cardinal,20,13,0.65,0.6238095238095238,4,4,1.0,0.6666666666666666,0.6666666666666666,True
New York,US-NY,Suffolk,Montauk Point,L160603,41.07,-71.86,32,Melospiza melodia,Song Sparrow,20,7,0.35,0.38639455782312926,4,3,0.75,0.4,0.30000000000000004,True
New York,US-NY,Suffolk,Montauk Point,L160603,41.07,-71.86,32,Turdus migratorius,American Robin,20,8,0.4,0.37891156462585035,4,4,1.0,0.3888888888888889,0.3888888888888889,True
New York,US-NY,Suffolk,Montauk Point,L160603,41.07,-71.86,33,Ammospiza caudacuta,Saltmarsh Sparrow,18,8,0.4444444444444444,0.3201376936316695,4,4,1.0,0.4375,0.4375,True
New York,US-NY,Suffolk,Montauk Point,L160603,41.07,-71.86,33,Cardinalis cardinalis,Northern Cardinal,18,9,0.5,0.5193631669535284,4,3,0.75,0.6153846153846154,0.46153846153846156,True
New York,US-NY,Suffolk,Montauk Point,L160603,41.07,-71.86,33,Melospiza melodia,Song Sparrow,18,9,0.5,0.46772805507745263,4,3,0.75,0.75,0.5625,True
New York,US-NY,Suffolk,Montauk Point,L160603,41.07,-71.86,33,Turdus migratorius,American Robin,18,9,0.5,0.4591222030981067,4,4,1.0,0.4375,0.4375,True
New York,US-NY,Suffolk,Montauk Point,L160603,41.07,-71.86,34,Ammospiza caudacuta,Saltmarsh Sparrow,21,5,0.23809523809523808,0.17941283073577383,5,4,0.8,0.29411764705882354,0.23529411764705885,True
New York,US-NY,Suffolk,Montauk Point,L160603,41.07,-71.86,34,Cardinalis cardinalis,Northern Cardinal,21,13,0.6190476190476191,0.6078289235230157,5,5,1.0,0.6190476190476191,0.6190476190476191,True
New York,US-NY,Suffolk,Montauk Point,L160603,41.07,-71.86,34,Melospiza melodia,Song Sparrow,21,9,0.42857142857142855,0.4389271475172164,5,4,0.8,0.5625,0.45,True
New York,US-NY,Suffolk,Montauk Point,L160603,41.07,-71.86,34,Turdus migratorius,American Robin,21,10,0.47619047619047616,0.46756071040231967,5,5,1.0,0.47619047619047616,0.47619047619047616,True
New York,US-NY,Suffolk,Montauk Point,L160603,41.07,-71.86,35,Ammospiza caudacuta,Saltmarsh Sparrow,18,1,0.05555555555555555,0.04012345679012346,4,1,0.25,0.3333333333333333,0.08333333333333333,True
New York,US-NY,Suffolk,Montauk Point,L160603,41.07,-71.86,35,Cardinalis cardinalis,Northern Cardinal,18,8,0.4444444444444444,0.48412698412698413,4,4,1.0,0.4375,0.4375,True
New York,US-NY,Suffolk,Montauk Point,L160603,41.07,-71.86,35,Melospiza melodia,Song Sparrow,18,8,0.4444444444444444,0.4444444444444445,4,3,0.75,0.5384615384615384,0.40384615384615385,True
New York,US-NY,Suffolk,Montauk Point,L160603,41.07,-71.86,35,Turdus migratorius,American Robin,18,6,0.3333333333333333,0.35537918871252205,4,4,1.0,0.375,0.375,True
New York,US-NY,Suffolk,Montauk Point,L160603,41.07,-71.86,36,Ammospiza caudacuta,Saltmarsh Sparrow,14,6,0.42857142857142855,0.2878787878787879,3,3,1.0,0.4166666666666667,0.4166666666666667,True
New York,US-NY,Suffolk,Montauk Point,L160603,41.07,-71.86,36,Cardinalis cardinalis,Northern Cardinal,14,8,0.5714285714285714,0.5416666666666666,3,3,1.0,0.5,0.5,True
New York,US-NY,Suffolk,Montauk Point,L160603,41.07,-71.86,36,Melospiza melodia,Song Sparrow,14,3,0.21428571428571427,0.30808080808080807,3,1,0.3333333333333333,0.6,0.19999999999999998,True
New York,US-NY,Suffolk,Montauk Point,L160603,41.07,-71.86,36,Turdus migratorius,American Robin,14,5,0.35714285714285715,0.37878787878787873,3,3,1.0,0.3333333333333333,0.3333333333333333,True
New York,US-NY,Suffolk,Montauk Point,L160603,41.07,-71.86,37,Cardinalis cardinalis,Northern Cardinal,14,9,0.6428571428571429,0.578125,3,3,1.0,0.5454545454545454,0.5454545454545454,True
New York,US-NY,Suffolk,Montauk Point,L160603,41.07,-71.86,37,Melospiza melodia,Song Sparrow,14,10,0.7142857142857143,0.640625,3,3,1.0,0.7272727272727273,0.7272727272727273,True
New York,US-NY,Suffolk,Montauk Point,L160603,41.07,-71.86,37,Turdus migratorius,American Robin,14,3,0.21428571428571427,0.2916666666666667,3,1,0.3333333333333333,0.3333333333333333,0.1111111111111111,True
New York,US-NY,Suffolk,Montauk Point,L160603,41.07,-71.86,38,Cardinalis cardinalis,Northern Cardinal,15,8,0.5333333333333333,0.5301694915254237,3,3,1.0,0.45454545454545453,0.45454545454545453,True
New York,US-NY,Suffolk,Montauk Point,L160603,41.07,-71.86,38,Melospiza melodia,Song Sparrow,15,4,0.26666666666666666,0.34983050847457625,3,2,0.6666666666666666,0.5,0.3333333333333333,True
New York,US-NY,Suffolk,Montauk Point,L160603,41.07,-71.86,38,Turdus migratorius,American Robin,15,7,0.4666666666666667,0.46983050847457625,3,3,1.0,0.36363636363636365,0.36363636363636365,True
New York,US-NY,Suffolk,Montauk Point,L160603,41.07,-71.86,39,Cardinalis cardinalis,Northern Cardinal,21,13,0.6190476190476191,0.6091081593927894,5,5,1.0,0.6190476190476191,0.6190476190476191,True
New York,US-NY,Suffolk,Montauk Point,L160603,41.07,-71.86,39,Melospiza melodia,Song Sparrow,21,13,0.6190476190476191,0.6015180265654649,5,5,1.0,0.6190476190476191,0.6190476190476191,True
New York,US-NY,Suffolk,Montauk Point,L160603,41.07,-71.86,39,Turdus migratorius,American Robin,21,16,0.7619047619047619,0.6755218216318786,5,5,1.0,0.7619047619047619,0.7619047619047619,True
New York,US-NY,Suffolk,Montauk Point,L160603,41.07,-71.86,40,Cardinalis cardinalis,Northern Cardinal,17,9,0.5294117647058824,0.5571835571835572,4,4,1.0,0.4666666666666667,0.4666666666666667,True
New York,US-NY,Suffolk,Montauk Point,L160603,41.07,-71.86,40,Melospiza melodia,Song Sparrow,17,13,0.7647058823529411,0.6931216931216931,4,4,1.0,0.7333333333333333,0.7333333333333333,True
New York,US-NY,Suffolk,Montauk Point,L160603,41.07,-71.86,40,Turdus migratorius,American Robin,17,5,0.29411764705882354,0.35205535205535204,4,2,0.5,0.3333333333333333,0.16666666666666666,True
New York,US-NY,Suffolk,Montauk Point,L160603,41.07,-71.86,41,Cardinalis cardinalis,Northern Cardinal,22,12,0.5454545454545454,0.5438218390804598,4,4,1.0,0.5714285714285714,0.5714285714285714,True
New York,US-NY,Suffolk,Montauk Point,L160603,41.07,-71.86,41,Melospiza melodia,Song Sparrow,22,9,0.4090909090909091,0.4249281609195402,4,4,1.0,0.42857142857142855,0.42857142857142855,True
New York,US-NY,Suffolk,Montauk Point,L160603,41.07,-71.86,41,Turdus migratorius,American Robin,22,11,0.5,0.4694683908045977,4,4,1.0,0.5238095238095238,0.5238095238095238,True
New York,US-NY,Suffolk,Montauk Point,L160603,41.07,-71.86,42,Cardinalis cardinalis,Northern Cardinal,14,10,0.7142857142857143,0.6826241134751774,3,3,1.0,0.7,0.7,True
New York,US-NY,Suffolk,Montauk Point,L160603,41.07,-71.86,42,Melospiza melodia,Song Sparrow,14,6,0.42857142857142855,0.41843971631205673,3,2,0.6666666666666666,0.5714285714285714,0.38095238095238093,True
New York,US-NY,Suffolk,Montauk Point,L160603,41.07,-71.86,42,Turdus migratorius,American Robin,14,3,0.21428571428571427,0.2845744680851064,3,2,0.6666666666666666,0.2857142857142857,0.19047619047619047,True
New York,US-NY,Suffolk,Montauk Point,L160603,41.07,-71.86,43,Cardinalis cardinalis,Northern Cardinal,15,8,0.5333333333333333,0.5478481012658228,3,3,1.0,0.5454545454545454,0.5454545454545454,True
New York,US-NY,Suffolk,Montauk Point,L160603,41.07,-71.86,43,Melospiza melodia,Song Sparrow,15,6,0.4,0.41721518987341766,3,2,0.6666666666666666,0.625,0.41666666666666663,True
New York,US-NY,Suffolk,Montauk Point,L160603,41.07,-71.86,43,Turdus migratorius,American Robin,15,5,0.3333333333333333,0.3417721518987342,3,2,0.6666666666666666,0.2857142857142857,0.19047619047619047,True
New York,US-NY,Suffolk,Montauk Point,L160603,41.07,-71.86,44,Cardinalis cardinalis,Northern Cardinal,9,6,0.6666666666666666,0.5668016194331984,2,2,1.0,0.8333333333333334,0.8333333333333334,True
New York,US-NY,Suffolk,Montauk Point,L160603,41.07,-71.86,44,Melospiza melodia,Song Sparrow,9,5,0.5555555555555556,0.44129554655870445,2,2,1.0,0.8333333333333334,0.8333333333333334,True
New York,US-NY,Suffolk,Montauk Point,L160603,41.07,-71.86,45,Cardinalis cardinalis,Northern Cardinal,15,9,0.6,0.5623529411764706,3,3,1.0,0.5454545454545454,0.5454545454545454,True
New York,US-NY,Suffolk,Montauk Point,L160603,41.07,-71.86,45,Melospiza melodia,Song Sparrow,15,6,0.4,0.4235294117647059,3,3,1.0,0.36363636363636365,0.36363636363636365,True
New York,US-NY,Suffolk,Montauk Point,L160603,41.07,-71.86,45,Turdus migratorius,American Robin,15,1,0.06666666666666667,0.12941176470588237,3,1,0.3333333333333333,0.25,0.08333333333333333,True
New York,US-NY,Suffolk,Montauk Point,L160603,41.07,-71.86,46,Cardinalis cardinalis,Northern Cardinal,18,11,0.6111111111111112,0.5863095238095237,4,4,1.0,0.5882352941176471,0.5882352941176471,True
New York,US-NY,Suffolk,Montauk Point,L160603,41.07,-71.86,46,Melospiza melodia,Song Sparrow,18,7,0.3888888888888889,0.3950892857142857,4,4,1.0,0.4117647058823529,0.4117647058823529,True
New York,US-NY,Suffolk,Montauk Point,L160603,41.07,-71.86,47,Cardinalis cardinalis,Northern Cardinal,20,10,0.5,0.5136054421768708,5,5,1.0,0.5,0.5,True
New York,US-NY,Suffolk,Montauk Point,L160603,41.07,-71.86,47,Melospiza melodia,Song Sparrow,20,10,0.5,0.4863945578231293,5,5,1.0,0.5,0.5,True
New York,US-NY,Suffolk,Montauk Point,L160603,41.07,-71.86,47,Turdus migratorius,American Robin,20,5,0.25,0.25170068027210885,5,3,0.6,0.35714285714285715,0.21428571428571427,True
New York,US-NY,Suffolk,Montauk Point,L160603,41.07,-71.86,48,Cardinalis cardinalis,Northern Cardinal,21,10,0.47619047619047616,0.4820587169264226,4,4,1.0,0.5263157894736842,0.5263157894736842,True
New York,US-NY,Suffolk,Montauk Point,L160603,41.07,-71.86,48,Melospiza melodia,Song Sparrow,21,11,0.5238095238095238,0.48169626676332006,4,4,1.0,0.47368421052631576,0.47368421052631576,True
New York,US-NY,Suffolk,Montauk Point,L160603,41.07,-71.86,48,Turdus migratorius,American Robin,21,7,0.3333333333333333,0.283798477709315,4,3,0.75,0.5,0.375,True
